,a,avgs,pro,k
0,0.05,389.85,1.2995,300
1,0.1,390.3,1.301,300
2,0.15,401.28,1.3376,300
3,0.2,404.8,1.349333333,300
4,0.25,415.07,1.383566667,300
5,0.3,419.76,1.3992,300
6,0.4,440.52,1.4684,300
7,0.5,459.5,1.531666667,300
8,0.6,484.6,1.615333333,300
9,0.7,494.98,1.649933333,300
10,0.8,517.59,1.7253,300
11,0.9,541.09,1.803633333,300
