,a,avgs,pro,k
0,0.05,567.76,1.261688889,450
1,0.1,578.77,1.286155556,450
2,0.15,588.51,1.3078,450
3,0.2,602.14,1.338088889,450
4,0.25,608.63,1.352511111,450
5,0.3,617.86,1.373022222,450
6,0.4,647.13,1.438066667,450
7,0.5,670.67,1.490377778,450
8,0.6,704.35,1.565222222,450
9,0.7,744,1.653333333,450
10,0.8,765.62,1.701377778,450
11,0.9,795.89,1.768644444,450
