,a,avgs,pro,k
0,0.05,265.59,1.32795,200
1,0.1,270.67,1.35335,200
2,0.15,276.89,1.38445,200
3,0.2,278.44,1.3922,200
4,0.25,281.08,1.4054,200
5,0.3,289.03,1.44515,200
6,0.4,301.16,1.5058,200
7,0.5,305.92,1.5296,200
8,0.6,325.21,1.62605,200
9,0.7,338.33,1.69165,200
10,0.8,357.62,1.7881,200
11,0.9,374.01,1.87005,200
