,a,avgs,pro,k
0,0.05,206.48,1.376533333,150
1,0.1,207.77,1.385133333,150
2,0.15,211.53,1.4102,150
3,0.2,216.21,1.4414,150
4,0.25,220.34,1.468933333,150
5,0.3,223.26,1.4884,150
6,0.4,231.66,1.5444,150
7,0.5,235.77,1.5718,150
8,0.6,242.1,1.614,150
9,0.7,252.48,1.6832,150
10,0.8,268.52,1.790133333,150
11,0.9,277.14,1.8476,150
