,a,avgs,pro,k
0,0.05,626.99,1.25398,500
1,0.1,637.61,1.27522,500
2,0.15,637.66,1.27532,500
3,0.2,657.68,1.31536,500
4,0.25,673.73,1.34746,500
5,0.3,677.32,1.35464,500
6,0.4,725.82,1.45164,500
7,0.5,752.33,1.50466,500
8,0.6,778.18,1.55636,500
9,0.7,811.24,1.62248,500
10,0.8,848.49,1.69698,500
11,0.9,892.33,1.78466,500
