,a,avgs,pro,k
0,0.05,106.42,1.520285714,70
1,0.1,105.36,1.505142857,70
2,0.15,104.72,1.496,70
3,0.2,106.89,1.527,70
4,0.25,106.96,1.528,70
5,0.3,109.64,1.566285714,70
6,0.4,114.61,1.637285714,70
7,0.5,113.57,1.622428571,70
8,0.6,118.13,1.687571429,70
9,0.7,123.02,1.757428571,70
10,0.8,124.67,1.781,70
11,0.9,127.94,1.827714286,70
