,a,avgs,pro,k
0,0.05,447.73,1.279228571,350
1,0.1,454.79,1.2994,350
2,0.15,459.7,1.313428571,350
3,0.2,473.8,1.353714286,350
4,0.25,474.83,1.356657143,350
5,0.3,487.09,1.391685714,350
6,0.4,503.42,1.438342857,350
7,0.5,543.3,1.552285714,350
8,0.6,551.56,1.575885714,350
9,0.7,581.43,1.661228571,350
10,0.8,611.73,1.7478,350
11,0.9,625.95,1.788428571,350
