,a,avgs,pro,k
0,0.05,326.7,1.3068,250
1,0.1,329.78,1.31912,250
2,0.15,334.9,1.3396,250
3,0.2,340.56,1.36224,250
4,0.25,351.33,1.40532,250
5,0.3,350.6,1.4024,250
6,0.4,365.03,1.46012,250
7,0.5,383.4,1.5336,250
8,0.6,405.37,1.62148,250
9,0.7,410.94,1.64376,250
10,0.8,431.07,1.72428,250
11,0.9,459.24,1.83696,250
