,a,avgs,pro,k
0,0.05,504.65,1.261625,400
1,0.1,513.39,1.283475,400
2,0.15,517.53,1.293825,400
3,0.2,530.44,1.3261,400
4,0.25,544.74,1.36185,400
5,0.3,548.57,1.371425,400
6,0.4,574.63,1.436575,400
7,0.5,611.29,1.528225,400
8,0.6,636.81,1.592025,400
9,0.7,665.58,1.66395,400
10,0.8,682.04,1.7051,400
11,0.9,726.41,1.816025,400
