,K,avgs,pro
0,50,66.76,1.3352
1,100,125.42,1.2542
2,150,181.48,1.209866667
3,200,235.52,1.1776
4,250,291.43,1.16572
5,300,347.07,1.1569
6,350,401.17,1.1462
7,400,455.66,1.13915
8,450,508.64,1.130311111
9,500,562.81,1.12562
10,1000,1098.2,1.0982
11,1500,1623.78,1.08252
12,2000,2149.78,1.07489
13,2500,2676.66,1.070664
14,3000,3200.84,1.066946667
15,3500,3721.89,1.063397143
16,4000,4242.12,1.06053
17,4500,4770.43,1.060095556
18,5000,5286.6,1.05732
