,PER,code_rate,drops_num,loop_num,size
0,0.0392124825527439,1.260973422184442,2385.74,100,50
