,code rate,size
0,1.7133861466585416,100
1,2.2224253503961,3126
2,1.9850294535852122,97723
